dispute,country,role
1,SGP,0
1,MYS,2
2,NOR,1
2,AUS,1
2,CAN,1
2,EEC,1
2,VEN,0
2,USA,2
3,USA,0
3,KOR,2
4,BRA,0
4,USA,2
5,USA,0
5,KOR,2
6,JPN,0
6,USA,2
7,USA,1
7,JPN,1
7,CHL,1
7,PER,1
7,AUS,1
7,ISL,1
7,CAN,0
7,EEC,2
8,EEC,0
8,JPN,2
9,CAN,0
9,EEC,2
10,CAN,0
10,JPN,2
11,USA,0
11,JPN,2
12,AUS,1
12,JPN,1
12,CAN,1
12,USA,1
12,ISL,1
12,PER,0
12,EEC,2
13,USA,0
13,EEC,2
14,AUS,1
14,JPN,1
14,CAN,1
14,USA,1
14,ISL,1
14,CHL,0
14,EEC,2
15,EEC,0
15,JPN,2
16,MEX,0
16,GTM,0
16,USA,0
16,HND,0
16,EEC,2
17,THA,0
17,EEC,2
18,IND,1
18,USA,1
18,NOR,1
18,EEC,1
18,CAN,0
18,AUS,2
19,IND,0
19,POL,2
20,CAN,0
20,KOR,2
21,EEC,1
21,CAN,1
21,ISL,1
21,IND,1
21,HKG,1
21,NOR,1
21,USA,0
21,AUS,2
22,IDN,1
22,USA,1
22,CAN,1
22,EEC,1
22,LKA,1
22,PHL,0
22,BRA,2
23,MEX,0
23,VEN,2
24,IND,1
24,CRI,0
24,USA,2
25,URY,0
25,EEC,2
26,AUS,1
26,CAN,1
26,NOR,1
26,NZL,1
26,USA,0
26,EEC,2
27,DMA,1
27,MUS,1
27,DOM,1
27,GHA,1
27,CIV,1
27,CRI,1
27,CMR,1
27,PAN,1
27,MDG,1
27,COL,1
27,SUR,1
27,SEN,1
27,BLZ,1
27,GRD,1
27,JAM,1
27,VCT,1
27,VEN,1
27,PHL,1
27,NIC,1
27,JPN,1
27,LCA,1
27,IND,1
27,BRA,1
27,CAN,1
27,MEX,0
27,ECU,0
27,GTM,0
27,USA,0
27,HND,0
27,EEC,2
28,USA,0
28,JPN,2
29,HKG,0
29,TUR,2
30,LKA,0
30,BRA,2
31,USA,0
31,CAN,2
32,CRI,1
32,EEC,1
32,TUR,1
32,CAN,1
32,PAK,1
32,NOR,1
32,IND,0
32,USA,2
33,NOR,1
33,TUR,1
33,PAK,1
33,CAN,1
33,EEC,1
33,IND,0
33,USA,2
34,USA,1
34,PHL,1
34,HKG,1
34,THA,1
34,JPN,1
34,IND,0
34,TUR,2
35,URY,1
35,CAN,1
35,THA,1
35,JPN,1
35,USA,0
35,AUS,0
35,CAN,0
35,ARG,0
35,THA,0
35,NZL,0
35,HUN,2
36,USA,0
36,PAK,2
37,USA,0
37,PRT,2
38,MEX,1
38,MYS,1
38,CAN,1
38,THA,1
38,JPN,1
38,EEC,0
38,USA,2
39,EEC,0
39,USA,2
40,EEC,0
40,KOR,2
41,USA,0
41,KOR,2
42,EEC,0
42,JPN,2
43,CAN,1
43,USA,0
43,TUR,2
44,MEX,1
44,EEC,1
44,USA,0
44,JPN,2
45,USA,0
45,JPN,2
46,AUS,1
46,KOR,1
46,USA,1
46,EEC,1
46,CAN,0
46,BRA,2
47,THA,0
47,TUR,2
48,AUS,1
48,USA,1
48,NOR,1
48,NZL,1
48,CAN,0
48,EEC,2
49,MEX,0
49,USA,2
50,EEC,1
50,USA,0
50,IND,2
51,JPN,0
51,BRA,2
52,USA,0
52,BRA,2
53,EEC,0
53,MEX,2
54,IND,1
54,KOR,1
54,USA,1
54,EEC,0
54,IDN,2
55,IND,1
55,KOR,1
55,USA,1
55,JPN,0
55,IDN,2
56,IND,1
56,HUN,1
56,EEC,1
56,USA,0
56,ARG,2
57,USA,0
57,AUS,2
58,HKG,1
58,PAK,1
58,NGA,1
58,JPN,1
58,MEX,1
58,SLV,1
58,PHL,1
58,THA,1
58,AUS,1
58,GTM,1
58,ECU,1
58,CAN,1
58,SGP,1
58,VEN,1
58,SEN,1
58,CRI,1
58,LKA,1
58,COL,1
58,EEC,1
58,IND,0
58,MYS,0
58,PAK,0
58,THA,0
58,USA,2
59,IND,1
59,KOR,1
59,USA,0
59,IDN,2
60,SLV,1
60,CAN,1
60,USA,1
60,HND,1
60,MEX,0
60,GTM,2
61,PHL,0
61,USA,2
62,IND,1
62,SGP,1
62,KOR,1
62,JPN,1
62,USA,0
62,EEC,2
63,EEC,0
63,USA,2
64,IND,1
64,KOR,1
64,USA,1
64,JPN,0
64,IDN,2
65,USA,0
65,BRA,2
66,EEC,0
66,JPN,2
67,IND,1
67,SGP,1
67,KOR,1
67,JPN,1
67,USA,0
67,GBR,2
68,IND,1
68,SGP,1
68,KOR,1
68,JPN,1
68,USA,0
68,IRL,2
69,USA,1
69,THA,1
69,BRA,0
69,EEC,2
70,AUS,1
70,USA,1
70,EEC,1
70,BRA,0
70,CAN,2
71,BRA,0
71,CAN,2
72,USA,1
72,NZL,0
72,EEC,2
73,EEC,0
73,JPN,2
74,USA,0
74,PHL,2
75,CAN,1
75,MEX,1
75,EEC,0
75,KOR,2
76,HUN,1
76,EEC,1
76,BRA,1
76,USA,0
76,JPN,2
77,USA,1
77,EEC,0
77,ARG,2
78,COL,0
78,USA,2
79,USA,1
79,EEC,0
79,IND,2
80,USA,0
80,BEL,2
81,EEC,0
81,BRA,2
82,USA,0
82,IRL,2
83,USA,0
83,DNK,2
84,CAN,1
84,MEX,1
84,USA,0
84,KOR,2
85,EEC,0
85,USA,2
86,USA,0
86,SWE,2
87,USA,1
87,CAN,1
87,PER,1
87,MEX,1
87,EEC,0
87,CHL,2
88,JPN,1
88,EEC,0
88,USA,2
89,KOR,0
89,USA,2
90,USA,0
90,IND,2
91,AUS,0
91,IND,2
92,CAN,0
92,IND,2
93,NZL,0
93,IND,2
94,CHE,0
94,IND,2
95,JPN,1
95,JPN,0
95,USA,2
96,EEC,0
96,IND,2
97,CHL,0
97,USA,2
98,USA,1
98,EEC,0
98,KOR,2
99,EEC,1
99,KOR,0
99,USA,2
100,EEC,0
100,USA,2
101,USA,0
101,MEX,2
102,USA,0
102,PHL,2
103,AUS,1
103,JPN,1
103,MEX,1
103,EEC,1
103,ARG,1
103,USA,0
103,CAN,2
104,USA,0
104,EEC,2
105,PAN,0
105,EEC,2
106,USA,0
106,AUS,2
107,EEC,0
107,PAK,2
108,JPN,1
108,CHN,1
108,AUS,1
108,JAM,1
108,CAN,1
108,IND,1
108,BRB,1
108,BRA,1
108,EEC,0
108,USA,2
109,USA,0
109,CHL,2
110,USA,1
110,CAN,1
110,PER,1
110,MEX,1
110,EEC,0
110,CHL,2
111,ARG,0
111,USA,2
112,BRA,0
112,PER,2
113,USA,1
113,JPN,1
113,AUS,1
113,ARG,1
113,MEX,1
113,EEC,1
113,NZL,0
113,CAN,2
114,CHE,1
114,USA,1
114,JPN,1
114,ISR,1
114,THA,1
114,POL,1
114,AUS,1
114,CUB,1
114,IND,1
114,COL,1
114,BRA,1
114,EEC,0
114,CAN,2
115,USA,0
115,EEC,2
116,EEC,0
116,BRA,2
117,EEC,0
117,CAN,2
118,EEC,0
118,USA,2
119,CHE,0
119,AUS,2
120,EEC,0
120,IND,2
121,IDN,1
121,USA,1
121,PRY,1
121,URY,1
121,BRA,1
121,EEC,0
121,ARG,2
122,USA,1
122,EEC,1
122,JPN,1
122,POL,0
122,THA,2
123,IDN,0
123,ARG,2
124,USA,0
124,EEC,2
125,USA,0
125,GRC,2
126,MEX,1
126,EEC,1
126,USA,0
126,AUS,2
127,USA,0
127,BEL,2
128,USA,0
128,NLD,2
129,USA,0
129,GRC,2
130,USA,0
130,IRL,2
131,USA,0
131,FRA,2
132,JAM,1
132,EEC,1
132,MUS,1
132,USA,0
132,MEX,2
133,CHE,0
133,SVK,2
134,IND,0
134,EEC,2
135,USA,1
135,ZWE,1
135,BRA,1
135,CAN,0
135,EEC,2
136,IND,1
136,MEX,1
136,JPN,1
136,EEC,0
136,USA,2
137,CAN,0
137,EEC,2
138,MEX,1
138,BRA,1
138,EEC,0
138,USA,2
139,IND,1
139,KOR,1
139,USA,1
139,JPN,0
139,CAN,2
140,IND,0
140,EEC,2
141,EGY,1
141,KOR,1
141,USA,1
141,JPN,1
141,IND,0
141,EEC,2
142,IND,1
142,KOR,1
142,USA,1
142,EEC,0
142,CAN,2
143,HUN,0
143,SVK,2
144,CAN,0
144,USA,2
145,EEC,0
145,ARG,2
146,KOR,1
146,JPN,1
146,EEC,0
146,IND,2
147,EEC,0
147,JPN,2
148,HUN,0
148,CZE,2
149,EEC,0
149,IND,2
150,EEC,0
150,IND,2
151,EEC,0
151,USA,2
152,DMA,1
152,KOR,1
152,DOM,1
152,ISR,1
152,JPN,1
152,THA,1
152,HKG,1
152,ECU,1
152,JAM,1
152,CUB,1
152,LCA,1
152,IND,1
152,CRI,1
152,COL,1
152,BRA,1
152,CAN,1
152,EEC,0
152,USA,2
153,CAN,0
153,EEC,2
154,BRA,0
154,EEC,2
155,USA,1
155,EEC,0
155,ARG,2
156,ECU,1
156,USA,1
156,SLV,1
156,EEC,1
156,HND,1
156,MEX,0
156,GTM,2
157,EEC,0
157,ARG,2
158,MEX,0
158,USA,0
158,GTM,0
158,PAN,0
158,HND,0
158,EEC,2
159,CZE,0
159,HUN,2
160,CHE,1
160,AUS,1
160,CAN,1
160,BRA,1
160,JPN,1
160,EEC,0
160,USA,2
161,AUS,1
161,CAN,1
161,NZL,1
161,USA,0
161,KOR,2
162,IND,1
162,EEC,1
162,JPN,0
162,USA,2
163,EEC,1
163,JPN,1
163,USA,0
163,KOR,2
164,IDN,1
164,USA,0
164,ARG,2
165,DMA,1
165,JPN,1
165,ECU,1
165,JAM,1
165,LCA,1
165,IND,1
165,EEC,0
165,USA,2
166,AUS,1
166,CAN,1
166,NZL,1
166,EEC,0
166,USA,2
167,CAN,0
167,USA,2
168,IND,0
168,ZAF,2
169,CAN,1
169,USA,1
169,NZL,1
169,AUS,0
169,KOR,2
170,USA,0
170,CAN,2
171,USA,0
171,ARG,2
172,USA,0
172,EEC,2
173,USA,0
173,FRA,2
174,TUR,1
174,GTM,1
174,CHN,1
174,MEX,1
174,AUS,1
174,CHT,1
174,CAN,1
174,ARG,1
174,IND,1
174,COL,1
174,BRA,1
174,NZL,1
174,USA,0
174,EEC,2
175,KOR,1
175,EEC,1
175,JPN,1
175,USA,0
175,IND,2
176,NIC,1
176,CAN,1
176,JPN,1
176,EEC,0
176,USA,2
177,AUS,1
177,JPN,1
177,CAN,1
177,EEC,1
177,ISL,1
177,NZL,0
177,USA,2
178,NZL,1
178,JPN,1
178,CAN,1
178,EEC,1
178,ISL,1
178,AUS,0
178,USA,2
179,EEC,1
179,JPN,1
179,KOR,0
179,USA,2
180,CAN,0
180,USA,2
181,THA,0
181,COL,2
182,MEX,0
182,ECU,2
183,EEC,0
183,BRA,2
184,EEC,1
184,CHL,1
184,CAN,1
184,BRA,1
184,KOR,1
184,JPN,0
184,USA,2
185,CRI,0
185,TTO,2
186,EEC,0
186,USA,2
187,CRI,0
187,TTO,2
188,USA,1
188,CRI,1
188,CAN,1
188,EEC,1
188,HND,1
188,COL,0
188,NIC,2
189,TUR,1
189,USA,1
189,JPN,1
189,EEC,0
189,ARG,2
190,PAK,1
190,PRY,1
190,USA,1
190,BRA,0
190,ARG,2
191,MEX,0
191,ECU,2
192,IND,1
192,EEC,1
192,PAK,0
192,USA,2
193,EEC,0
193,CHL,2
194,IND,1
194,AUS,1
194,EEC,1
194,CAN,0
194,USA,2
195,IND,1
195,JPN,1
195,USA,0
195,PHL,2
196,USA,0
196,ARG,2
197,USA,0
197,BRA,2
198,USA,0
198,ROM,2
199,IND,1
199,JPN,1
199,HND,1
199,DOM,1
199,USA,0
199,BRA,2
200,EEC,0
200,USA,2
201,HND,0
201,NIC,2
202,MEX,1
202,AUS,1
202,CAN,1
202,EEC,1
202,JPN,1
202,KOR,0
202,USA,2
203,USA,0
203,MEX,2
204,HND,1
204,BRA,1
204,JPN,1
204,NIC,1
204,GTM,1
204,AUS,1
204,CAN,1
204,IND,1
204,EEC,1
204,CUB,1
204,USA,0
204,MEX,2
205,THA,0
205,EGY,2
206,CHL,1
206,EEC,1
206,JPN,1
206,IND,0
206,USA,2
207,PER,1
207,HND,1
207,EEC,1
207,JPN,1
207,NIC,1
207,SLV,1
207,THA,1
207,ECU,1
207,CHN,1
207,GTM,1
207,AUS,1
207,CAN,1
207,USA,1
207,VEN,1
207,CRI,1
207,PRY,1
207,COL,1
207,BRA,1
207,ARG,0
207,CHL,2
208,BRA,0
208,TUR,2
209,BRA,0
209,EEC,2
210,IND,1
210,JPN,1
210,USA,0
210,BEL,2
211,CHL,1
211,USA,1
211,EEC,1
211,JPN,1
211,TUR,0
211,EGY,2
212,IND,1
212,KOR,1
212,CHN,1
212,BRA,1
212,MEX,1
212,EEC,0
212,USA,2
213,NOR,1
213,JPN,1
213,EEC,0
213,USA,2
214,MEX,1
214,JPN,1
214,KOR,1
214,CAN,1
214,ARG,1
214,EEC,0
214,USA,2
215,KOR,0
215,PHL,2
216,BRA,0
216,MEX,2
217,ISR,1
217,MEX,1
217,CAN,1
217,ARG,1
217,CRI,1
217,HKG,1
217,NOR,1
217,JPN,0
217,CHL,0
217,IDN,0
217,AUS,0
217,BRA,0
217,IND,0
217,KOR,0
217,THA,0
217,EEC,0
217,USA,2
218,BRA,0
218,USA,2
219,CHL,1
219,MEX,1
219,USA,1
219,JPN,1
219,BRA,0
219,EEC,2
220,GTM,0
220,CHL,2
221,IND,1
221,CHL,1
221,EEC,1
221,JPN,1
221,CAN,0
221,USA,2
222,IND,1
222,AUS,1
222,USA,1
222,EEC,1
222,BRA,0
222,CAN,2
223,USA,0
223,EEC,2
224,BRA,0
224,USA,2
225,EEC,0
225,USA,2
226,ARG,0
226,CHL,2
227,CHL,0
227,PER,2
228,COL,0
228,CHL,2
229,IND,0
229,BRA,2
230,COL,0
230,CHL,2
231,USA,1
231,CHL,1
231,ECU,1
231,CAN,1
231,VEN,1
231,COL,1
231,PER,0
231,EEC,2
232,CHL,0
232,MEX,2
233,IND,0
233,ARG,2
234,KOR,1
234,JPN,1
234,ISR,1
234,THA,1
234,IDN,1
234,NOR,1
234,AUS,1
234,BRA,1
234,ARG,1
234,IND,1
234,CRI,1
234,HKG,1
234,EEC,1
234,CAN,0
234,MEX,0
234,USA,2
235,POL,0
235,SVK,2
236,IND,1
236,EEC,1
236,JPN,1
236,CAN,0
236,USA,2
237,USA,1
237,COL,1
237,EEC,1
237,ECU,0
237,TUR,2
238,PRY,1
238,USA,1
238,EEC,1
238,CHL,0
238,ARG,2
239,BRA,0
239,USA,2
240,HUN,0
240,ROM,2
241,USA,1
241,CHL,1
241,GTM,1
241,CAN,1
241,PRY,1
241,EEC,1
241,BRA,0
241,ARG,2
242,THA,0
242,EEC,2
243,PAK,1
243,BGD,1
243,EEC,1
243,CHN,1
243,PHL,1
243,IND,0
243,USA,2
244,BRA,1
244,CHL,1
244,NOR,1
244,CAN,1
244,IND,1
244,KOR,1
244,EEC,1
244,JPN,0
244,USA,2
245,CHN,1
245,AUS,1
245,CHT,1
245,BRA,1
245,EEC,1
245,NZL,1
245,USA,0
245,JPN,2
246,PAK,1
246,HND,1
246,MUS,1
246,NIC,1
246,SLV,1
246,GTM,1
246,PER,1
246,LKA,1
246,ECU,1
246,BOL,1
246,CUB,1
246,USA,1
246,VEN,1
246,CRI,1
246,PAN,1
246,COL,1
246,BRA,1
246,PRY,1
246,IND,0
246,EEC,2
247,CAN,0
247,USA,2
248,CHE,1
248,JPN,1
248,TUR,1
248,THA,1
248,CHN,1
248,NOR,1
248,CHT,1
248,CAN,1
248,NZL,1
248,VEN,1
248,KOR,1
248,BRA,1
248,CUB,1
248,EEC,0
248,USA,2
249,VEN,1
249,BRA,1
249,TUR,1
249,THA,1
249,CHN,1
249,NOR,1
249,CHT,1
249,CAN,1
249,CHE,1
249,KOR,1
249,MEX,1
249,EEC,1
249,NZL,1
249,JPN,0
249,USA,2
250,PRY,1
250,CHL,1
250,MEX,1
250,EEC,1
250,BRA,0
250,USA,2
251,VEN,1
251,BRA,1
251,JPN,1
251,TUR,1
251,THA,1
251,CHN,1
251,NOR,1
251,CHT,1
251,CAN,1
251,CHE,1
251,MEX,1
251,EEC,1
251,NZL,1
251,KOR,0
251,USA,2
252,BRA,1
252,JPN,1
252,TUR,1
252,THA,1
252,CHE,1
252,NOR,1
252,CHT,1
252,CAN,1
252,NZL,1
252,VEN,1
252,KOR,1
252,MEX,1
252,EEC,1
252,CUB,1
252,CHN,0
252,USA,2
253,BRA,1
253,JPN,1
253,TUR,1
253,THA,1
253,CHN,1
253,NOR,1
253,CHT,1
253,CAN,1
253,NZL,1
253,VEN,1
253,KOR,1
253,MEX,1
253,EEC,1
253,CUB,1
253,CHE,0
253,USA,2
254,BRA,1
254,JPN,1
254,TUR,1
254,THA,1
254,CHN,1
254,VEN,1
254,CHT,1
254,CAN,1
254,NZL,1
254,CHE,1
254,KOR,1
254,MEX,1
254,EEC,1
254,CUB,1
254,NOR,0
254,USA,2
255,CHL,0
255,PER,2
256,HUN,0
256,TUR,2
257,IND,1
257,EEC,1
257,CHN,1
257,JPN,1
257,CAN,0
257,USA,2
258,VEN,1
258,BRA,1
258,JPN,1
258,TUR,1
258,THA,1
258,CHN,1
258,NOR,1
258,CHT,1
258,CAN,1
258,CHE,1
258,KOR,1
258,MEX,1
258,EEC,1
258,CUB,1
258,NZL,0
258,USA,2
259,TUR,1
259,CHT,1
259,CAN,1
259,VEN,1
259,MEX,1
259,THA,1
259,CUB,1
259,BRA,0
259,USA,2
260,EGY,1
260,KOR,1
260,TUR,1
260,JPN,1
260,USA,0
260,EEC,2
261,USA,1
261,MEX,1
261,EEC,1
261,CHL,0
261,URY,2
262,EEC,0
262,USA,2
263,ARG,0
263,EEC,2
264,JPN,1
264,CHN,1
264,EEC,1
264,IND,1
264,THA,1
264,NZL,1
264,CAN,0
264,USA,2
265,FJI,1
265,MUS,1
265,SWZ,1
265,CAN,1
265,MWI,1
265,GUY,1
265,USA,1
265,MDG,1
265,COL,1
265,TZA,1
265,TTO,1
265,PRY,1
265,BLZ,1
265,CHN,1
265,KNA,1
265,JAM,1
265,CUB,1
265,THA,1
265,NZL,1
265,KEN,1
265,IND,1
265,BRB,1
265,BRA,1
265,CIV,1
265,AUS,0
265,EEC,2
266,FJI,1
266,MUS,1
266,SWZ,1
266,CAN,1
266,MWI,1
266,GUY,1
266,USA,1
266,MDG,1
266,COL,1
266,TZA,1
266,TTO,1
266,PRY,1
266,BLZ,1
266,CHN,1
266,KNA,1
266,AUS,1
266,JAM,1
266,CUB,1
266,THA,1
266,NZL,1
266,KEN,1
266,IND,1
266,BRB,1
266,CIV,1
266,BRA,0
266,EEC,2
267,BEN,1
267,JPN,1
267,THA,1
267,CHN,1
267,VEN,1
267,AUS,1
267,CHT,1
267,CAN,1
267,ARG,1
267,IND,1
267,TCD,1
267,PAK,1
267,PRY,1
267,EEC,1
267,NZL,1
267,BRA,0
267,USA,2
268,JPN,1
268,CHN,1
268,CHT,1
268,KOR,1
268,MEX,1
268,EEC,1
268,ARG,0
268,USA,2
269,USA,1
269,THA,1
269,CHN,1
269,BRA,0
269,EEC,2
270,USA,1
270,CHL,1
270,CHN,1
270,ECU,1
270,THA,1
270,IND,1
270,EEC,1
270,PHL,0
270,AUS,2
271,PHL,0
271,AUS,2
272,ARG,0
272,PER,2
273,USA,1
273,JPN,1
273,CHN,1
273,CHT,1
273,MEX,1
273,NOR,1
273,EEC,0
273,KOR,2
274,CHT,0
274,USA,2
275,USA,0
275,VEN,2
276,JPN,1
276,CHL,1
276,CHN,1
276,AUS,1
276,CHT,1
276,MEX,1
276,EEC,1
276,USA,0
276,CAN,2
277,KOR,1
277,EEC,1
277,CHN,1
277,JPN,1
277,CAN,0
277,USA,2
278,ARG,0
278,CHL,2
279,EEC,0
279,IND,2
280,EEC,1
280,CHT,1
280,CAN,1
280,CHN,1
280,MEX,0
280,USA,2
281,EEC,1
281,CHT,1
281,CAN,1
281,CHN,1
281,JPN,1
281,MEX,0
281,USA,2
282,JPN,1
282,THA,1
282,CHN,1
282,CHT,1
282,CAN,1
282,ARG,1
282,VEN,1
282,EEC,1
282,MEX,0
282,USA,2
283,FJI,1
283,MUS,1
283,SWZ,1
283,CAN,1
283,GUY,1
283,MWI,1
283,COL,1
283,USA,1
283,MDG,1
283,TZA,1
283,TTO,1
283,PRY,1
283,BLZ,1
283,CHN,1
283,KNA,1
283,AUS,1
283,JAM,1
283,CUB,1
283,NZL,1
283,KEN,1
283,IND,1
283,BRB,1
283,BRA,1
283,CIV,1
283,THA,0
283,EEC,2
284,NIC,0
284,MEX,2
285,JPN,1
285,CHN,1
285,CHT,1
285,CAN,1
285,MEX,1
285,EEC,1
285,ATG,0
285,USA,2
286,USA,1
286,CHN,1
286,BRA,1
286,THA,0
286,EEC,2
287,USA,1
287,PHL,1
287,CHL,1
287,CHN,1
287,CAN,1
287,IND,1
287,THA,1
287,EEC,0
287,AUS,2
288,TUR,0
288,ZAF,2
289,POL,0
289,CZE,2
290,USA,1
290,TUR,1
290,GTM,1
290,CHN,1
290,MEX,1
290,CHT,1
290,CAN,1
290,ARG,1
290,IND,1
290,COL,1
290,BRA,1
290,NZL,1
290,AUS,0
290,EEC,2
291,HND,1
291,PER,1
291,SLV,1
291,CHL,1
291,CHN,1
291,MEX,1
291,NOR,1
291,AUS,1
291,CHT,1
291,CAN,1
291,THA,1
291,ARG,1
291,URY,1
291,PRY,1
291,COL,1
291,BRA,1
291,NZL,1
291,USA,0
291,EEC,2
292,USA,1
292,HND,1
292,PER,1
292,SLV,1
292,CHL,1
292,CHN,1
292,MEX,1
292,AUS,1
292,CHT,1
292,NOR,1
292,THA,1
292,ARG,1
292,URY,1
292,PRY,1
292,COL,1
292,BRA,1
292,NZL,1
292,CAN,0
292,EEC,2
293,USA,1
293,HND,1
293,PER,1
293,SLV,1
293,CHL,1
293,CHN,1
293,MEX,1
293,NOR,1
293,AUS,1
293,CHT,1
293,CAN,1
293,THA,1
293,URY,1
293,PRY,1
293,COL,1
293,BRA,1
293,NZL,1
293,ARG,0
293,EEC,2
294,JPN,1
294,TUR,1
294,THA,1
294,CHN,1
294,MEX,1
294,CHT,1
294,NOR,1
294,ARG,1
294,IND,1
294,KOR,1
294,HKG,1
294,BRA,1
294,EEC,0
294,USA,2
295,TUR,1
295,EEC,1
295,CHN,1
295,USA,0
295,MEX,2
296,CHT,1
296,EEC,1
296,CHN,1
296,JPN,1
296,KOR,0
296,USA,2
297,HUN,0
297,HRV,2
298,GTM,0
298,MEX,2
299,CHT,1
299,USA,1
299,CHN,1
299,JPN,1
299,KOR,0
299,EEC,2
300,HND,0
300,DOM,2
301,USA,1
301,CHN,1
301,JPN,1
301,KOR,0
301,EEC,2
302,USA,1
302,NIC,1
302,SLV,1
302,CHL,1
302,GTM,1
302,CHN,1
302,EEC,1
302,HND,0
302,DOM,2
303,CHL,0
303,ECU,2
304,EEC,0
304,IND,2
305,USA,0
305,EGY,2
306,BGD,0
306,IND,2
307,KOR,0
307,EEC,2
308,JPN,1
308,EEC,1
308,CAN,1
308,CHN,1
308,GTM,1
308,USA,0
308,MEX,2
309,USA,0
309,CHN,2
310,CAN,0
310,USA,2
311,CAN,0
311,USA,2
312,USA,1
312,JPN,1
312,CHN,1
312,CHT,1
312,CAN,1
312,EEC,1
312,IDN,0
312,KOR,2
313,IND,0
313,EEC,2
314,EEC,0
314,MEX,2
315,JPN,1
315,CHN,1
315,AUS,1
315,CHT,1
315,ARG,1
315,IND,1
315,KOR,1
315,HKG,1
315,BRA,1
315,USA,0
315,EEC,2
316,JPN,1
316,CHN,1
316,AUS,1
316,CAN,1
316,KOR,1
316,BRA,1
316,USA,0
316,FRA,2
316,GBR,2
316,DEU,2
316,EEC,2
316,ESP,2
317,JPN,1
317,CHN,1
317,AUS,1
317,CAN,1
317,KOR,1
317,BRA,1
317,EEC,0
317,USA,2
318,CHT,0
318,IND,2
319,EEC,0
319,USA,2
320,CHN,1
320,NOR,1
320,AUS,1
320,CHT,1
320,CAN,1
320,IND,1
320,MEX,1
320,BRA,1
320,NZL,1
320,EEC,0
320,USA,2
321,USA,1
321,CHN,1
321,AUS,1
321,CHT,1
321,NOR,1
321,IND,1
321,MEX,1
321,BRA,1
321,NZL,1
321,EEC,0
321,CAN,2
322,THA,1
322,CHN,1
322,MEX,1
322,CHT,1
322,NOR,1
322,ARG,1
322,IND,1
322,KOR,1
322,HKG,1
322,EEC,1
322,NZL,1
322,JPN,0
322,USA,2
323,USA,1
323,EEC,1
323,CHN,1
323,NZL,1
323,KOR,0
323,JPN,2
324,THA,0
324,USA,2
325,MEX,0
325,USA,2
326,CHL,0
326,EEC,2
327,USA,1
327,EEC,1
327,CHN,1
327,JPN,1
327,PAK,0
327,EGY,2
328,NOR,0
328,EEC,2
329,MEX,0
329,PAN,2
330,EEC,0
330,ARG,2
331,USA,1
331,JPN,1
331,EEC,1
331,CHN,1
331,HND,1
331,GTM,0
331,MEX,2
332,USA,1
332,JPN,1
332,GTM,1
332,CHN,1
332,AUS,1
332,CHT,1
332,CUB,1
332,ARG,1
332,KOR,1
332,PRY,1
332,MEX,1
332,THA,1
332,EEC,0
332,BRA,2
333,CRI,0
333,DOM,2
334,EGY,1
334,PAK,1
334,CHN,1
334,AUS,1
334,THA,1
334,ARG,1
334,KOR,1
334,EEC,1
334,USA,0
334,TUR,2
335,JPN,1
335,CHL,1
335,CHN,1
335,BRA,1
335,IND,1
335,KOR,1
335,THA,1
335,MEX,1
335,EEC,1
335,ECU,0
335,USA,2
336,USA,1
336,CHT,1
336,EEC,1
336,CHN,1
336,KOR,0
336,JPN,2
337,USA,1
337,JPN,1
337,CHN,1
337,CAN,1
337,KOR,1
337,HKG,1
337,NOR,0
337,EEC,2
338,USA,0
338,CAN,2
339,JPN,1
339,AUS,1
339,CHT,1
339,THA,1
339,ARG,1
339,MEX,1
339,BRA,1
339,EEC,0
339,CHN,2
340,JPN,1
340,AUS,1
340,CHT,1
340,THA,1
340,ARG,1
340,MEX,1
340,BRA,1
340,USA,0
340,CHN,2
341,NOR,1
341,USA,1
341,CAN,1
341,CHN,1
341,JPN,1
341,EEC,0
341,MEX,2
342,JPN,1
342,AUS,1
342,CHT,1
342,THA,1
342,ARG,1
342,MEX,1
342,BRA,1
342,CAN,0
342,CHN,2
343,JPN,1
343,VNM,1
343,CHL,1
343,CHN,1
343,BRA,1
343,IND,1
343,KOR,1
343,MEX,1
343,EEC,1
343,THA,0
343,USA,2
344,JPN,1
344,CHL,1
344,CHN,1
344,BRA,1
344,KOR,1
344,THA,1
344,EEC,1
344,MEX,0
344,USA,2
345,EEC,1
345,THA,1
345,CHN,1
345,BRA,1
345,JPN,1
345,IND,0
345,USA,2
346,ARG,0
346,USA,2
347,JPN,1
347,CHN,1
347,AUS,1
347,CAN,1
347,KOR,1
347,BRA,1
347,USA,0
347,FRA,2
347,GBR,2
347,DEU,2
347,EEC,2
347,ESP,2
348,PAN,0
348,COL,2
349,ARG,0
349,EEC,2
350,EGY,1
350,JPN,1
350,THA,1
350,CHN,1
350,CHT,1
350,NOR,1
350,IND,1
350,KOR,1
350,MEX,1
350,BRA,1
350,EEC,0
350,USA,2
351,USA,1
351,ARG,0
351,CHL,2
352,AUS,1
352,CHL,1
352,USA,1
352,JPN,1
352,EEC,0
352,IND,2
353,JPN,1
353,CHN,1
353,AUS,1
353,CAN,1
353,KOR,1
353,BRA,1
353,EEC,0
353,USA,2
354,EEC,0
354,CAN,2
355,CHT,1
355,USA,1
355,EEC,1
355,JPN,1
355,ARG,0
355,BRA,2
356,USA,1
356,ARG,0
356,CHL,2
357,JPN,1
357,ZAF,1
357,NIC,1
357,TUR,1
357,CHL,1
357,URY,1
357,AUS,1
357,CHT,1
357,THA,1
357,ARG,1
357,IND,1
357,MEX,1
357,EEC,1
357,NZL,1
357,CAN,0
357,USA,2
358,EGY,1
358,JPN,1
358,CHL,1
358,AUS,1
358,CHT,1
358,CAN,1
358,ARG,1
358,COL,1
358,EEC,1
358,USA,0
358,CHN,2
359,EGY,1
359,JPN,1
359,CHL,1
359,AUS,1
359,CHT,1
359,CAN,1
359,ARG,1
359,COL,1
359,EEC,1
359,MEX,0
359,CHN,2
360,AUS,1
360,CHL,1
360,VNM,1
360,EEC,1
360,JPN,1
360,USA,0
360,IND,2
361,COL,0
361,EEC,2
362,BRA,1
362,JPN,1
362,TUR,1
362,THA,1
362,AUS,1
362,CHT,1
362,CAN,1
362,ARG,1
362,IND,1
362,KOR,1
362,MEX,1
362,EEC,1
362,USA,0
362,CHN,2
363,AUS,1
363,KOR,1
363,CHT,1
363,EEC,1
363,JPN,1
363,USA,0
363,CHN,2
364,PAN,0
364,EEC,2
365,JPN,1
365,ZAF,1
365,NIC,1
365,TUR,1
365,CHL,1
365,URY,1
365,AUS,1
365,CHT,1
365,THA,1
365,ARG,1
365,IND,1
365,MEX,1
365,EEC,1
365,NZL,1
365,BRA,0
365,USA,2
366,HND,1
366,USA,1
366,TUR,1
366,GTM,1
366,CHN,1
366,ECU,1
366,CHT,1
366,IND,1
366,EEC,1
366,PAN,0
366,COL,2
367,USA,1
367,JPN,1
367,CHL,1
367,CHT,1
367,PAK,1
367,EEC,1
367,NZL,0
367,AUS,2
368,CHN,0
368,USA,2
369,USA,1
369,JPN,1
369,CHN,1
369,COL,1
369,ECU,1
369,ARG,1
369,MEX,1
369,NOR,1
369,CAN,0
369,EEC,2
370,EEC,0
370,THA,2
371,USA,1
371,CHN,1
371,AUS,1
371,CHT,1
371,IND,1
371,EEC,1
371,PHL,0
371,THA,2
372,EEC,0
372,CHN,2
373,USA,0
373,CHN,2
374,IDN,0
374,ZAF,2
375,KOR,1
375,JPN,1
375,SGP,1
375,TUR,1
375,PHL,1
375,CHN,1
375,AUS,1
375,VNM,1
375,CHT,1
375,THA,1
375,IND,1
375,CRI,1
375,HKG,1
375,BRA,1
375,USA,0
375,EEC,2
376,KOR,1
376,USA,1
376,PHL,1
376,SGP,1
376,TUR,1
376,CHN,1
376,AUS,1
376,VNM,1
376,CHT,1
376,THA,1
376,IND,1
376,CRI,1
376,HKG,1
376,BRA,1
376,JPN,0
376,EEC,2
377,KOR,1
377,USA,1
377,JPN,1
377,SGP,1
377,TUR,1
377,PHL,1
377,CHN,1
377,AUS,1
377,VNM,1
377,THA,1
377,IND,1
377,CRI,1
377,HKG,1
377,BRA,1
377,CHT,0
377,EEC,2
378,CAN,0
378,CHN,2
379,SAU,1
379,BRA,1
379,JPN,1
379,TUR,1
379,NOR,1
379,AUS,1
379,CHT,1
379,CAN,1
379,ARG,1
379,IND,1
379,BHR,1
379,MEX,1
379,EEC,1
379,KWT,1
379,CHN,0
379,USA,2
380,EEC,0
380,IND,2
381,BRA,1
381,JPN,1
381,ECU,1
381,CHN,1
381,GTM,1
381,NOR,1
381,AUS,1
381,CAN,1
381,IND,1
381,KOR,1
381,EEC,1
381,NZL,1
381,MEX,0
381,USA,2
382,JPN,1
382,CHT,1
382,THA,1
382,ARG,1
382,KOR,1
382,MEX,1
382,EEC,1
382,BRA,0
382,USA,2
383,CHT,1
383,JPN,1
383,KOR,1
383,EEC,1
383,ARG,1
383,THA,0
383,USA,2
384,PER,1
384,JPN,1
384,GTM,1
384,CHN,1
384,MEX,1
384,AUS,1
384,CHT,1
384,BRA,1
384,ARG,1
384,IND,1
384,KOR,1
384,COL,1
384,EEC,1
384,NZL,1
384,CAN,0
384,USA,2
385,IND,0
385,EEC,2
386,EEC,1
386,JPN,1
386,GTM,1
386,CHN,1
386,AUS,1
386,CHT,1
386,CAN,1
386,ARG,1
386,IND,1
386,KOR,1
386,PER,1
386,COL,1
386,BRA,1
386,NZL,1
386,MEX,0
386,USA,2
387,USA,0
387,CHN,2
388,MEX,0
388,CHN,2
389,GTM,1
389,CHN,1
389,AUS,1
389,CHT,1
389,KOR,1
389,NOR,1
389,NZL,1
389,USA,0
389,EEC,2
390,GTM,0
390,CHN,2
391,USA,1
391,JPN,1
391,CHN,1
391,CHT,1
391,BRA,1
391,ARG,1
391,IND,1
391,EEC,1
391,CAN,0
391,KOR,2
392,TUR,1
392,GTM,1
392,CHT,1
392,BRA,1
392,KOR,1
392,EEC,1
392,CHN,0
392,USA,2
393,ARG,0
393,CHL,2
394,SAU,1
394,EEC,1
394,JPN,1
394,TUR,1
394,CHL,1
394,MEX,1
394,NOR,1
394,ECU,1
394,CHT,1
394,CAN,1
394,ARG,1
394,IND,1
394,KOR,1
394,COL,1
394,BRA,1
394,USA,0
394,CHN,2
395,SAU,1
395,USA,1
395,JPN,1
395,TUR,1
395,CHL,1
395,MEX,1
395,NOR,1
395,ECU,1
395,CHT,1
395,CAN,1
395,ARG,1
395,IND,1
395,KOR,1
395,COL,1
395,BRA,1
395,EEC,0
395,CHN,2
396,USA,1
396,CHN,1
396,AUS,1
396,CHT,1
396,IND,1
396,MEX,1
396,THA,1
396,EEC,0
396,PHL,2
397,USA,1
397,JPN,1
397,TUR,1
397,CHL,1
397,NOR,1
397,CHT,1
397,CAN,1
397,IND,1
397,THA,1
397,COL,1
397,BRA,1
397,CHN,0
397,EEC,2
398,SAU,1
398,USA,1
398,EEC,1
398,JPN,1
398,TUR,1
398,CHL,1
398,NOR,1
398,ECU,1
398,CHT,1
398,CAN,1
398,ARG,1
398,IND,1
398,KOR,1
398,COL,1
398,BRA,1
398,MEX,0
398,CHN,2
399,TUR,1
399,CHT,1
399,VNM,1
399,EEC,1
399,JPN,1
399,CHN,0
399,USA,2
400,USA,1
400,JPN,1
400,ARG,1
400,CHN,1
400,MEX,1
400,ECU,1
400,ISL,1
400,RUS,1
400,COL,1
400,NOR,1
400,CAN,0
400,EEC,2
401,USA,1
401,JPN,1
401,ARG,1
401,CHN,1
401,MEX,1
401,ECU,1
401,CAN,1
401,ISL,1
401,RUS,1
401,NAM,1
401,COL,1
401,NOR,0
401,EEC,2
402,JPN,1
402,VNM,1
402,CHN,1
402,EEC,1
402,MEX,1
402,THA,1
402,KOR,0
402,USA,2
403,CHN,1
403,MEX,1
403,AUS,1
403,CHT,1
403,THA,1
403,IND,1
403,COL,1
403,EEC,1
403,USA,0
403,PHL,2
404,JPN,1
404,CHN,1
404,THA,1
404,IND,1
404,KOR,1
404,MEX,1
404,EEC,1
404,VNM,0
404,USA,2
405,USA,1
405,JPN,1
405,TUR,1
405,AUS,1
405,VNM,1
405,COL,1
405,BRA,1
405,CHN,0
405,EEC,2
406,DOM,1
406,TUR,1
406,GTM,1
406,COL,1
406,NOR,1
406,BRA,1
406,MEX,1
406,EEC,1
406,IDN,0
406,USA,2
407,EEC,0
407,CHN,2
408,IND,0
408,NLD,2
408,EEC,2
409,BRA,0
409,NLD,2
409,EEC,2
410,PER,0
410,ARG,2
411,UKR,0
411,ARM,2
412,KOR,1
412,HND,1
412,USA,1
412,SLV,1
412,CHN,1
412,NOR,1
412,AUS,1
412,CHT,1
412,BRA,1
412,IND,1
412,SAU,1
412,MEX,1
412,EEC,1
412,JPN,0
412,CAN,2
413,JPN,1
413,ECU,1
413,GTM,1
413,AUS,1
413,IND,1
413,KOR,1
413,EEC,1
413,USA,0
413,CHN,2
414,HND,1
414,JPN,1
414,VNM,1
414,SAU,1
414,ARG,1
414,IND,1
414,RUS,1
414,KOR,1
414,EEC,1
414,USA,0
414,CHN,2
415,HND,1
415,USA,1
415,TUR,1
415,NIC,1
415,SLV,1
415,GTM,1
415,CHN,1
415,PAN,1
415,COL,1
415,EEC,1
415,CRI,0
415,DOM,2
416,HND,1
416,USA,1
416,NIC,1
416,SLV,1
416,TUR,1
416,CHN,1
416,PAN,1
416,CRI,1
416,COL,1
416,EEC,1
416,GTM,0
416,DOM,2
417,USA,1
417,TUR,1
417,NIC,1
417,SLV,1
417,GTM,1
417,CHN,1
417,PAN,1
417,CRI,1
417,COL,1
417,EEC,1
417,HND,0
417,DOM,2
418,HND,1
418,USA,1
418,NIC,1
418,TUR,1
418,GTM,1
418,CHN,1
418,PAN,1
418,CRI,1
418,COL,1
418,EEC,1
418,SLV,0
418,DOM,2
419,USA,0
419,CHN,2
420,EEC,1
420,JPN,1
420,THA,1
420,CHN,1
420,BRA,1
420,MEX,1
420,NOR,1
420,KOR,0
420,USA,2
421,USA,1
421,SAU,1
421,EEC,1
421,CHN,1
421,ARG,1
421,UKR,0
421,MDA,2
422,HND,1
422,JPN,1
422,VNM,1
422,EEC,1
422,KOR,1
422,THA,1
422,CHN,0
422,USA,2
423,USA,1
423,EEC,1
423,CHT,1
423,COL,1
423,CHN,1
423,MDA,0
423,UKR,2
424,EEC,0
424,USA,2
425,USA,1
425,JPN,1
425,CHL,1
425,THA,1
425,IND,1
425,NOR,1
425,EEC,0
425,CHN,2
426,USA,1
426,JPN,1
426,TUR,1
426,CHN,1
426,SLV,1
426,NOR,1
426,AUS,1
426,CHT,1
426,BRA,1
426,IND,1
426,KOR,1
426,MEX,1
426,SAU,1
426,EEC,0
426,CAN,2
427,EEC,1
427,JPN,1
427,CHL,1
427,NOR,1
427,THA,1
427,MEX,1
427,SAU,1
427,USA,0
427,CHN,2
428,IND,0
428,TUR,2
429,EEC,1
429,JPN,1
429,CHN,1
429,ECU,1
429,THA,1
429,NOR,1
429,VNM,0
429,USA,2
430,JPN,1
430,VNM,1
430,AUS,1
430,GTM,1
430,CHN,1
430,ECU,1
430,BRA,1
430,ARG,1
430,COL,1
430,EEC,1
430,USA,0
430,IND,2
431,SAU,1
431,BRA,1
431,JPN,1
431,VNM,1
431,OMN,1
431,PER,1
431,IDN,1
431,NOR,1
431,AUS,1
431,CHT,1
431,CAN,1
431,ARG,1
431,IND,1
431,RUS,1
431,KOR,1
431,COL,1
431,EEC,1
431,TUR,1
431,USA,0
431,CHN,2
432,SAU,1
432,USA,1
432,JPN,1
432,VNM,1
432,OMN,1
432,PER,1
432,IDN,1
432,NOR,1
432,AUS,1
432,CHT,1
432,CAN,1
432,ARG,1
432,IND,1
432,RUS,1
432,KOR,1
432,COL,1
432,BRA,1
432,TUR,1
432,EEC,0
432,CHN,2
433,SAU,1
433,BRA,1
433,USA,1
433,TUR,1
433,VNM,1
433,OMN,1
433,PER,1
433,IDN,1
433,NOR,1
433,AUS,1
433,CHT,1
433,CAN,1
433,ARG,1
433,IND,1
433,RUS,1
433,KOR,1
433,COL,1
433,EEC,1
433,JPN,0
433,CHN,2
434,EGY,1
434,HND,1
434,USA,1
434,DOM,1
434,ZWE,1
434,PER,1
434,IDN,1
434,CAN,1
434,MWI,1
434,KOR,1
434,EEC,1
434,NGA,1
434,SGP,1
434,MYS,1
434,MDA,1
434,ECU,1
434,ZMB,1
434,CHL,1
434,GTM,1
434,CHN,1
434,CHT,1
434,CUB,1
434,URY,1
434,THA,1
434,NZL,1
434,JPN,1
434,NIC,1
434,TUR,1
434,PHL,1
434,OMN,1
434,NOR,1
434,ARG,1
434,IND,1
434,MEX,1
434,BRA,1
434,UKR,0
434,AUS,2
435,NGA,1
435,USA,1
435,DOM,1
435,UKR,1
435,PER,1
435,IDN,1
435,CAN,1
435,MWI,1
435,KOR,1
435,EEC,1
435,SGP,1
435,MYS,1
435,ECU,1
435,PAN,1
435,ZMB,1
435,CHL,1
435,GTM,1
435,CHN,1
435,ZWE,1
435,CHT,1
435,CUB,1
435,URY,1
435,THA,1
435,NZL,1
435,JPN,1
435,ZAF,1
435,NIC,1
435,TUR,1
435,PHL,1
435,OMN,1
435,BRA,1
435,ARG,1
435,IND,1
435,MEX,1
435,NOR,1
435,HND,0
435,AUS,2
436,TUR,1
436,CHN,1
436,AUS,1
436,EEC,1
436,SAU,1
436,CAN,1
436,IND,0
436,USA,2
437,SAU,1
437,BRA,1
437,JPN,1
437,TUR,1
437,NOR,1
437,AUS,1
437,CAN,1
437,IND,1
437,RUS,1
437,KOR,1
437,VNM,1
437,EEC,1
437,CHN,0
437,USA,2
438,SAU,1
438,CHE,1
438,USA,1
438,JPN,1
438,ISR,1
438,TUR,1
438,THA,1
438,ECU,1
438,CHN,1
438,GTM,1
438,NOR,1
438,AUS,1
438,CHT,1
438,CAN,1
438,IND,1
438,KOR,1
438,EEC,1
438,EEC,0
438,ARG,2
439,BRA,0
439,ZAF,2
440,JPN,1
440,TUR,1
440,OMN,1
440,SAU,1
440,IND,1
440,KOR,1
440,COL,1
440,EEC,1
440,USA,0
440,CHN,2
441,HND,1
441,USA,1
441,UKR,1
441,PER,1
441,IDN,1
441,CAN,1
441,KOR,1
441,EEC,1
441,NGA,1
441,SGP,1
441,MYS,1
441,ECU,1
441,TTO,1
441,SAU,1
441,CHL,1
441,GTM,1
441,CHN,1
441,ZWE,1
441,CHT,1
441,CUB,1
441,URY,1
441,THA,1
441,NZL,1
441,JPN,1
441,ZAF,1
441,NIC,1
441,TUR,1
441,PHL,1
441,NOR,1
441,ARG,1
441,IND,1
441,RUS,1
441,MEX,1
441,BRA,1
441,DOM,0
441,AUS,2
442,USA,1
442,TUR,1
442,IND,1
442,KOR,1
442,MYS,1
442,THA,1
442,IDN,0
442,EEC,2
443,ARG,0
443,EEC,2
443,ESP,2
444,SAU,1
444,CHE,1
444,USA,1
444,JPN,1
444,ISR,1
444,TUR,1
444,THA,1
444,ECU,1
444,CHN,1
444,GTM,1
444,NOR,1
444,AUS,1
444,CHT,1
444,CAN,1
444,IND,1
444,KOR,1
444,EEC,1
444,USA,0
444,ARG,2
445,SAU,1
445,CHE,1
445,USA,1
445,JPN,1
445,ISR,1
445,TUR,1
445,THA,1
445,ECU,1
445,CHN,1
445,GTM,1
445,NOR,1
445,AUS,1
445,CHT,1
445,CAN,1
445,IND,1
445,KOR,1
445,EEC,1
445,JPN,0
445,ARG,2
446,MEX,0
446,ARG,2
447,CHN,1
447,AUS,1
447,BRA,1
447,IND,1
447,KOR,1
447,EEC,1
447,ARG,0
447,USA,2
448,ARG,0
448,USA,2
449,JPN,1
449,TUR,1
449,AUS,1
449,CAN,1
449,IND,1
449,RUS,1
449,VNM,1
449,EEC,1
449,CHN,0
449,USA,2
450,USA,0
450,CHN,2
451,MEX,0
451,CHN,2
452,CHN,0
452,GRC,2
452,EEC,2
452,ITA,2
453,HND,1
453,USA,1
453,OMN,1
453,SGP,1
453,ECU,1
453,CHN,1
453,GTM,1
453,AUS,1
453,BRA,1
453,IND,1
453,SAU,1
453,EEC,1
453,PAN,0
453,ARG,2
454,USA,1
454,TUR,1
454,SAU,1
454,IND,1
454,RUS,1
454,KOR,1
454,EEC,1
454,JPN,0
454,CHN,2
455,JPN,1
455,THA,1
455,CHN,1
455,AUS,1
455,CHT,1
455,CAN,1
455,ARG,1
455,KOR,1
455,PRY,1
455,EEC,1
455,NZL,1
455,USA,0
455,IDN,2
456,SAU,1
456,BRA,1
456,JPN,1
456,MYS,1
456,CHN,1
456,NOR,1
456,ECU,1
456,CHT,1
456,CAN,1
456,RUS,1
456,KOR,1
456,TUR,1
456,EEC,1
456,USA,0
456,IND,2
457,HND,1
457,USA,1
457,SLV,1
457,CHN,1
457,ECU,1
457,BRA,1
457,ARG,1
457,IND,1
457,KOR,1
457,COL,1
457,EEC,1
457,GTM,0
457,PER,2
458,HND,1
458,USA,1
458,DOM,1
458,UKR,1
458,PER,1
458,IDN,1
458,CAN,1
458,KOR,1
458,EEC,1
458,NGA,1
458,SGP,1
458,MYS,1
458,ECU,1
458,SAU,1
458,CHL,1
458,GTM,1
458,CHN,1
458,ZWE,1
458,CHT,1
458,URY,1
458,THA,1
458,NZL,1
458,JPN,1
458,ZAF,1
458,NIC,1
458,TUR,1
458,PHL,1
458,NOR,1
458,ARG,1
458,IND,1
458,RUS,1
458,MEX,1
458,BRA,1
458,CUB,0
458,AUS,2
459,ARG,0
459,EEC,2
460,IND,1
460,TUR,1
460,KOR,1
460,USA,1
460,JPN,1
460,EEC,0
460,CHN,2
461,HND,1
461,USA,1
461,PHL,1
461,SLV,1
461,GTM,1
461,CHN,1
461,ECU,1
461,EEC,1
461,PAN,0
461,COL,2
462,USA,1
462,JPN,1
462,TUR,1
462,UKR,1
462,CHN,1
462,BRA,1
462,IND,1
462,KOR,1
462,NOR,1
462,EEC,0
462,RUS,2
463,JPN,0
463,RUS,2
464,BRA,1
464,JPN,1
464,TUR,1
464,THA,1
464,CHN,1
464,NOR,1
464,CAN,1
464,IND,1
464,SAU,1
464,VNM,1
464,EEC,1
464,KOR,0
464,USA,2
465,USA,0
465,IDN,2
466,NZL,0
466,IDN,2
467,HND,1
467,USA,1
467,DOM,1
467,UKR,1
467,PER,1
467,CAN,1
467,MWI,1
467,KOR,1
467,EEC,1
467,NGA,1
467,SGP,1
467,MYS,1
467,ECU,1
467,CHL,1
467,GTM,1
467,CHN,1
467,ZWE,1
467,CHT,1
467,CUB,1
467,URY,1
467,THA,1
467,NZL,1
467,JPN,1
467,NIC,1
467,TUR,1
467,PHL,1
467,OMN,1
467,NOR,1
467,ARG,1
467,IND,1
467,RUS,1
467,MEX,1
467,BRA,1
467,IDN,0
467,AUS,2
468,USA,1
468,TUR,1
468,AUS,1
468,IND,1
468,RUS,1
468,KOR,1
468,EEC,1
468,JPN,0
468,UKR,2
469,HND,1
469,USA,1
469,JPN,1
469,TUR,1
469,ARG,1
469,THA,1
469,GTM,1
469,CHN,1
469,NOR,1
469,AUS,1
469,CHT,1
469,BRA,1
469,ISL,1
469,IND,1
469,RUS,1
469,PER,1
469,MEX,1
469,PAN,1
469,NZL,1
469,DNK,0
469,EEC,2
470,IDN,0
470,PAK,2
471,SAU,1
471,BRA,1
471,JPN,1
471,VNM,1
471,UKR,1
471,NOR,1
471,CHT,1
471,CAN,1
471,IND,1
471,RUS,1
471,KOR,1
471,TUR,1
471,EEC,1
471,CHN,0
471,USA,2
472,USA,1
472,JPN,1
472,ZAF,1
472,TUR,1
472,CHN,1
472,AUS,1
472,CHT,1
472,CAN,1
472,ARG,1
472,IND,1
472,RUS,1
472,KOR,1
472,COL,1
472,EEC,0
472,BRA,2
473,USA,1
473,MEX,1
473,MYS,1
473,CHN,1
473,COL,1
473,IDN,1
473,AUS,1
473,SAU,1
473,RUS,1
473,TUR,1
473,NOR,1
473,ARG,0
473,EEC,2
474,BRA,1
474,USA,1
474,TUR,1
474,UKR,1
474,CHN,1
474,IDN,1
474,AUS,1
474,VNM,1
474,CAN,1
474,ARG,1
474,SAU,1
474,MEX,1
474,NOR,1
474,RUS,0
474,EEC,2
475,USA,1
475,JPN,1
475,ZAF,1
475,CHN,1
475,AUS,1
475,CHT,1
475,BRA,1
475,IND,1
475,KOR,1
475,NOR,1
475,EEC,0
475,RUS,2
476,USA,1
476,JPN,1
476,UKR,1
476,CHN,1
476,IND,1
476,KOR,1
476,COL,1
476,BRA,1
476,RUS,0
476,EEC,2
477,BRA,1
477,JPN,1
477,SGP,1
477,THA,1
477,CHN,1
477,NOR,1
477,AUS,1
477,CHT,1
477,CAN,1
477,ARG,1
477,IND,1
477,KOR,1
477,PRY,1
477,EEC,1
477,NZL,0
477,IDN,2
478,BRA,1
478,JPN,1
478,SGP,1
478,THA,1
478,CHN,1
478,NOR,1
478,AUS,1
478,CHT,1
478,CAN,1
478,ARG,1
478,IND,1
478,KOR,1
478,PRY,1
478,EEC,1
478,USA,0
478,IDN,2
479,USA,1
479,JPN,1
479,TUR,1
479,UKR,1
479,CHN,1
479,IND,1
479,KOR,1
479,BRA,1
479,EEC,0
479,RUS,2
480,BRA,1
480,USA,1
480,JPN,1
480,SGP,1
480,TUR,1
480,UKR,1
480,CHN,1
480,AUS,1
480,CAN,1
480,ARG,1
480,IND,1
480,RUS,1
480,NOR,1
480,IDN,0
480,EEC,2
481,EEC,0
481,IDN,2
482,BRA,1
482,USA,1
482,CHN,1
482,EEC,1
482,KOR,1
482,NOR,1
482,ARE,1
482,CHT,0
482,CAN,2
483,BRA,1
483,USA,1
483,JPN,1
483,SGP,1
483,CHL,1
483,EEC,1
483,KOR,1
483,URY,1
483,NOR,1
483,CAN,0
483,CHN,2
484,QAT,1
484,USA,1
484,JPN,1
484,CAN,1
484,VNM,1
484,CHL,1
484,OMN,1
484,CHN,1
484,AUS,1
484,CHT,1
484,NOR,1
484,THA,1
484,ARG,1
484,IND,1
484,RUS,1
484,KOR,1
484,PRY,1
484,EEC,1
484,NZL,1
484,BRA,0
484,IDN,2
485,USA,1
485,JPN,1
485,SGP,1
485,MDA,1
485,CHL,1
485,UKR,1
485,CHN,1
485,NOR,1
485,AUS,1
485,CAN,1
485,IND,1
485,KOR,1
485,COL,1
485,BRA,1
485,EEC,0
485,RUS,2
486,USA,1
486,CHN,1
486,PAK,0
486,EEC,2
487,JPN,1
487,CHN,1
487,AUS,1
487,CAN,1
487,IND,1
487,RUS,1
487,KOR,1
487,BRA,1
487,EEC,0
487,USA,2
488,TUR,1
488,CHN,1
488,CAN,1
488,IND,1
488,RUS,1
488,MEX,1
488,EEC,1
488,KOR,0
488,USA,2
489,SAU,1
489,BRA,1
489,JPN,1
489,SGP,1
489,DOM,1
489,AUS,1
489,CHT,1
489,CAN,1
489,IND,1
489,RUS,1
489,KOR,1
489,COL,1
489,EEC,1
489,USA,0
489,CHN,2
490,USA,1
490,JPN,1
490,VNM,1
490,UKR,1
490,CHN,1
490,AUS,1
490,IND,1
490,RUS,1
490,OR,1
490,EEC,1
490,CHT,0
490,IDN,2
491,TUR,1
491,KOR,1
491,CHN,1
491,EEC,1
491,CAN,1
491,IDN,0
491,USA,2
492,USA,1
492,THA,1
492,CAN,1
492,ARG,1
492,IND,1
492,RUS,1
492,BRA,1
492,CHN,0
492,EEC,2
493,QAT,1
493,USA,1
493,EEC,1
493,JPN,1
493,CHN,1
493,MEX,1
493,NOR,1
493,AUS,1
493,CAN,1
493,ARG,1
493,KAZ,1
493,COL,1
493,BRA,1
493,RUS,0
493,UKR,2
494,RUS,0
494,EEC,2
495,BRA,1
495,USA,1
495,CAN,1
495,GTM,1
495,CHN,1
495,CHT,1
495,EEC,1
495,IND,1
495,RUS,1
495,NOR,1
495,NZL,1
495,JPN,0
495,KOR,2
496,USA,1
496,JPN,1
496,CHL,1
496,CHN,1
496,AUS,1
496,CHT,1
496,IND,1
496,RUS,1
496,KOR,1
496,EEC,1
496,VNM,0
496,IDN,2
497,USA,1
497,SGP,1
497,TUR,1
497,UKR,1
497,CHN,1
497,AUS,1
497,CAN,1
497,ARG,1
497,IND,1
497,RUS,1
497,KOR,1
497,COL,1
497,EEC,1
497,JPN,0
497,BRA,2
498,CHT,0
498,IND,2
499,UKR,0
499,RUS,2
500,PAK,0
500,ZAF,2
501,USA,0
501,CHN,2
502,EEC,0
502,COL,2
503,IND,0
503,USA,2
504,BRA,1
504,USA,1
504,SGP,1
504,TUR,1
504,CHN,1
504,ECU,1
504,EEC,1
504,VNM,1
504,NOR,1
504,JPN,0
504,KOR,2
505,JPN,1
505,TUR,1
505,CHN,1
505,BRA,1
505,IND,1
505,KOR,1
505,EEC,1
505,CAN,0
505,USA,2
506,BRA,0
506,IDN,2
507,BRA,0
507,THA,2
508,USA,0
508,CHN,2
509,EEC,0
509,CHN,2
476,SAU,1
491,BRA,1
491,IND,1
494,EGY,1
494,USA,1
494,JPN,1
494,VNM,1
494,UKR,1
494,CHN,1
494,IDN,1
494,NOR,1
494,AUS,1
494,CAN,1
494,ARG,1
494,IND,1
494,KOR,1
494,MEX,1
494,BRA,1
499,USA,1
499,JPN,1
499,SGP,1
499,CHN,1
499,IDN,1
499,CAN,1
499,IND,1
499,EEC,1
502,USA,1
502,SLV,1
502,CHL,1
502,GTM,1
502,CHN,1
502,ECU,1
502,CHT,1
502,CAN,1
502,RUS,1
502,IND,1
502,KAZ,1
502,KOR,1
502,PAN,1
502,MEX,1
502,BRA,1
505,MEX,1
508,BRA,1
508,JPN,1
508,SGP,1
508,VNM,1
508,IDN,1
508,NOR,1
508,CHT,1
508,CAN,1
508,RUS,1
508,IND,1
508,KAZ,1
508,KOR,1
508,MEX,1
508,EEC,1
509,USA,1
509,JPN,1
509,SGP,1
509,VNM,1
509,CHL,1
509,OMN,1
509,MEX,1
509,IDN,1
509,NOR,1
509,CHT,1
509,CAN,1
509,KAZ,1
509,IND,1
509,RUS,1
509,KOR,1
509,COL,1
509,BRA,1
510,SAU,1
510,JPN,1
510,SGP,1
510,TUR,1
510,CHN,1
510,IDN,1
510,NOR,1
510,CHT,1
510,BRA,1
510,RUS,1
510,KOR,1
510,EEC,1
510,IND,0
510,USA,2
511,EGY,1
511,ISR,1
511,UKR,1
511,IDN,1
511,CAN,1
511,PAK,1
511,COL,1
511,EEC,1
511,KOR,1
511,SGP,1
511,VNM,1
511,ECU,1
511,PRY,1
511,SAU,1
511,SLV,1
511,GTM,1
511,AUS,1
511,CHT,1
511,KAZ,1
511,THA,1
511,JPN,1
511,TUR,1
511,PHL,1
511,BRA,1
511,IND,1
511,RUS,1
511,NOR,1
511,USA,0
511,CHN,2
512,SAU,1
512,USA,1
512,EEC,1
512,JPN,1
512,SGP,1
512,TUR,1
512,MDA,1
512,CHL,1
512,CHN,1
512,NOR,1
512,AUS,1
512,BOL,1
512,CAN,1
512,IND,1
512,KOR,1
512,PRY,1
512,BRA,1
512,UKR,0
512,RUS,2
513,EGY,1
513,USA,1
513,JPN,1
513,SGP,1
513,CHN,1
513,RUS,1
513,IND,1
513,KAZ,1
513,KOR,1
513,EEC,1
513,TUR,0
513,MAR,2
514,BRA,0
514,USA,2
515,CHN,0
515,USA,2
516,KOR,1
516,USA,1
516,JPN,1
516,TJI,1
516,TUR,1
516,AUS,1
516,MEX,1
516,IDN,1
516,NOR,1
516,ECU,1
516,CHT,1
516,CAN,1
516,RUS,1
516,IND,1
516,KAZ,1
516,BHR,1
516,COL,1
516,BRA,1
516,ARE,1
516,CHN,0
516,EEC,2
517,USA,0
517,CHN,2
518,QAT,1
518,USA,1
518,SGP,1
518,VNM,1
518,OMN,1
518,CHN,1
518,UKR,1
518,IDN,1
518,AUS,1
518,CHT,1
518,RUS,1
518,KAZ,1
518,KOR,1
518,EEC,1
518,JPN,0
518,IND,2
519,USA,0
519,CHN,2
520,USA,0
520,CAN,2
521,RUS,0
521,EEC,2
522,BRA,0
522,CAN,2
523,SAU,1
523,BRA,1
523,JPN,1
523,CHN,1
523,CAN,1
523,RUS,1
523,KAZ,1
523,KOR,1
523,MEX,1
523,EEC,1
523,ARE,1
523,TUR,0
523,USA,2
524,MEX,0
524,CRI,2
525,RUS,0
525,UKR,2
526,QAT,0
526,ARE,2
527,QAT,0
527,BHR,2
528,QAT,0
528,SAU,2
